INSERT INTO "STATUS"("VERSION", "ID", "NAME") VALUES
( 1, 1, 'Imported lead'),
( 1, 2, 'Not contacted'),
( 1, 3, 'Contacted'),
( 1, 4, 'Customer'),
( 1, 5, 'Closed (lost)');
INSERT INTO "COMPANY" ("VERSION", "ID", "NAME") VALUES
(1, 6, 'Phillips Van Heusen Corp.'),
(1, 7, 'Avaya Inc.'),
(1, 8, 'Laboratory Corporation of America Holdings'),
(1, 9, 'AutoZone, Inc.'),
(1, 10, 'Linens ''n Things Inc.');   
INSERT INTO "CONTACT" ("VERSION", "ID", "EMAIL", "FIRST_NAME", "LAST_NAME", "COMPANY_ID", "STATUS_ID") VALUES
(1, 11, 'eula.lane@jigrormo.ye', 'Eula', 'Lane', 8, 1),
(1, 12, 'barry.rodriquez@zun.mm', 'Barry', 'Rodriquez', 7, 5),
(1, 13, 'eugenia.selvi@capfad.vn', 'Eugenia', 'Selvi', 6, 3),
(1, 14, 'alejandro.miles@dec.bn', 'Alejandro', 'Miles', 10, 3),
(1, 15, 'cora.tesi@bivo.yt', 'Cora', 'Tesi', 6, 4),
(1, 16, 'marguerite.ishii@judbilo.gn', 'Marguerite', 'Ishii', 10, 2),
(1, 17, 'mildred.jacobs@joraf.wf', 'Mildred', 'Jacobs', 8, 1),
(1, 18, 'gene.goodman@kem.tl', 'Gene', 'Goodman', 8, 5),
(1, 19, 'lettie.bennett@odeter.bb', 'Lettie', 'Bennett', 6, 1),
(1, 20, 'mabel.leach@lisohuje.vi', 'Mabel', 'Leach', 10, 2),
(1, 21, 'jordan.miccinesi@duod.gy', 'Jordan', 'Miccinesi', 8, 3),
(1, 22, 'marie.parkes@nowufpus.ph', 'Marie', 'Parkes', 7, 1),
(1, 23, 'rose.gray@kagu.hr', 'Rose', 'Gray', 9, 4),
(1, 24, 'garrett.stokes@fef.bg', 'Garrett', 'Stokes', 9, 3),
(1, 25, 'barbara.matthieu@derwogi.jm', 'Barbara', 'Matthieu', 7, 5),
(1, 26, 'jean.rhodes@wehovuce.gu', 'Jean', 'Rhodes', 7, 3),
(1, 27, 'jack.romoli@zamum.bw', 'Jack', 'Romoli', 6, 4),
(1, 28, 'pearl.holden@dunebuh.cr', 'Pearl', 'Holden', 8, 1),
(1, 29, 'belle.montero@repiwid.si', 'Belle', 'Montero', 9, 5),
(1, 30, 'olive.molina@razuppa.ga', 'Olive', 'Molina', 6, 2),
(1, 31, 'minerva.todd@kulmenim.ad', 'Minerva', 'Todd', 9, 3),
(1, 32, 'bobby.pearson@ib.kg', 'Bobby', 'Pearson', 9, 1),
(1, 33, 'larry.ciappi@ba.lk', 'Larry', 'Ciappi', 10, 2),
(1, 34, 'ronnie.salucci@tohhij.lv', 'Ronnie', 'Salucci', 9, 1),
(1, 35, 'walter.grossi@tuvo.sa', 'Walter', 'Grossi', 9, 1);      
INSERT INTO "CONTACT" ("VERSION", "ID", "EMAIL", "FIRST_NAME", "LAST_NAME", "COMPANY_ID", "STATUS_ID") VALUES
(1, 36, 'frances.koopmans@foga.tw', 'Frances', 'Koopmans', 7, 5),
(1, 37, 'frances.fujimoto@uswuzzub.jp', 'Frances', 'Fujimoto', 6, 5),
(1, 38, 'olivia.vidal@hivwerip.vc', 'Olivia', 'Vidal', 9, 2),
(1, 39, 'edna.henry@gugusu.rw', 'Edna', 'Henry', 8, 4),
(1, 40, 'lydia.brun@zedekak.md', 'Lydia', 'Brun', 7, 3),
(1, 41, 'jay.blake@ral.mk', 'Jay', 'Blake', 10, 4),
(1, 42, 'isabel.serafini@turuhu.bh', 'Isabel', 'Serafini', 10, 1),
(1, 43, 'rebecca.carter@omjo.et', 'Rebecca', 'Carter', 8, 4),
(1, 44, 'maurice.fabbrini@rig.bh', 'Maurice', 'Fabbrini', 9, 3),
(1, 45, 'ollie.turnbull@sicewap.org', 'Ollie', 'Turnbull', 6, 1),
(1, 46, 'jerry.hopkins@fo.mh', 'Jerry', 'Hopkins', 9, 5),
(1, 47, 'nora.lyons@gegijap.na', 'Nora', 'Lyons', 10, 1),
(1, 48, 'anne.weis@kuvesa.pe', 'Anne', 'Weis', 7, 4),
(1, 49, 'louise.gauthier@lapahu.mt', 'Louise', 'Gauthier', 6, 2),
(1, 50, 'lloyd.fani@zev.ru', 'Lloyd', 'Fani', 8, 1),
(1, 51, 'maud.dunn@nabeaga.ni', 'Maud', 'Dunn', 6, 1),
(1, 52, 'henry.gigli@kaot.ps', 'Henry', 'Gigli', 6, 5),
(1, 53, 'virgie.werner@tawuctuj.cf', 'Virgie', 'Werner', 10, 4),
(1, 54, 'gregory.cozzi@eh.ru', 'Gregory', 'Cozzi', 8, 2),
(1, 55, 'lucinda.gil@fajjusuz.kr', 'Lucinda', 'Gil', 7, 5),
(1, 56, 'gertrude.verbeek@pave.cc', 'Gertrude', 'Verbeek', 6, 5),
(1, 57, 'mattie.graham@ispaviw.gt', 'Mattie', 'Graham', 7, 2),
(1, 58, 'bryan.shaw@ha.ee', 'Bryan', 'Shaw', 9, 1),
(1, 59, 'essie.adams@iliat.cw', 'Essie', 'Adams', 8, 5),
(1, 60, 'gary.osborne@do.ga', 'Gary', 'Osborne', 7, 5);